,SE1,SE2,SE3,SE4,DK1,DK2,EE,LV,LT
01/01/2014,,,,,38111,8029,1813,188,1634
02/01/2014,,,,,47334,14514,725,150,1347
03/01/2014,,,,,48831,13295,924,169,1151
04/01/2014,,,,,49814,14759,1954,519,2298
05/01/2014,,,,,24402,6923,918,185,1571
06/01/2014,,,,,56378,16369,651,269,2135
07/01/2014,,,,,63909,18525,2466,675,3255
08/01/2014,,,,,57407,15696,2306,727,2642
09/01/2014,,,,,46278,16643,1168,537,3515
10/01/2014,,,,,51593,20215,1827,777,4903
11/01/2014,,,,,48154,16850,788,387,2858
12/01/2014,,,,,43933,16747,1101,230,1850
13/01/2014,,,,,38721,9357,1124,124,820
14/01/2014,,,,,6360,1004,28,27,715
15/01/2014,,,,,35226,5132,362,91,984
16/01/2014,,,,,66653,18403,853,73,479
17/01/2014,,,,,50552,9794,560,190,2352
18/01/2014,,,,,63269,15921,1029,289,1802
19/01/2014,,,,,81191,24066,899,386,3515
20/01/2014,,,,,65035,21383,1081,436,4133
21/01/2014,,,,,37745,11234,673,328,2645
22/01/2014,,,,,57188,15649,719,143,1243
23/01/2014,,,,,68251,17193,835,122,985
24/01/2014,,,,,63308,16082,324,109,1238
25/01/2014,,,,,68106,15605,499,130,1183
26/01/2014,,,,,68769,15725,352,440,3169
27/01/2014,,,,,60111,13129,1894,801,4391
28/01/2014,,,,,59399,9807,3086,707,4314
29/01/2014,,,,,57822,14695,3043,914,4708
30/01/2014,,,,,44085,12652,3082,860,4545
31/01/2014,,,,,34211,6037,3984,862,4869
01/02/2014,,,,,53189,12450,3323,673,4388
02/02/2014,,,,,47564,6574,1893,299,2543
03/02/2014,,,,,20839,3888,267,43,408
04/02/2014,,,,,27865,4315,221,263,2008
05/02/2014,,,,,33365,4738,913,242,1663
06/02/2014,,,,,48528,12890,1365,211,1223
07/02/2014,,,,,54337,18440,1232,373,2503
08/02/2014,,,,,54940,17295,3537,654,2835
09/02/2014,,,,,65411,17768,2309,404,2023
10/02/2014,,,,,32236,8569,443,42,194
11/02/2014,,,,,14941,6383,251,94,1387
12/02/2014,,,,,45376,11715,1188,292,1835
13/02/2014,,,,,56925,13205,1039,159,1096
14/02/2014,,,,,40767,6960,384,52,922
15/02/2014,,,,,76991,21677,959,267,2141
16/02/2014,,,,,70401,21847,3140,672,2933
17/02/2014,,,,,40613,10959,2770,970,4542
18/02/2014,,,,,21099,6908,2425,469,2802
19/02/2014,,,,,6212,3299,254,26,289
20/02/2014,,,,,29557,9076,348,65,845
21/02/2014,,,,,30197,9316,1474,257,1529
22/02/2014,,,,,59856,14756,2559,432,912
23/02/2014,,,,,65598,14870,3247,504,915
24/02/2014,,,,,50703,13615,4399,564,2142
25/02/2014,,,,,31486,8422,3025,388,2497
26/02/2014,,,,,15595,2018,774,183,1259
27/02/2014,,,,,27204,1566,293,67,1171
28/02/2014,,,,,11801,2416,348,103,1138
01/03/2014,,,,,3046,1392,528,89,785
02/03/2014,,,,,30105,3868,568,119,1111
03/03/2014,,,,,47459,12181,1394,206,1855
04/03/2014,,,,,8716,2441,216,279,1632
05/03/2014,,,,,3568,627,858,97,440
06/03/2014,,,,,36364,4187,828,28,96
07/03/2014,,,,,66966,12886,3979,486,930
08/03/2014,,,,,33874,5117,4491,615,2314
09/03/2014,,,,,49845,11414,4268,776,2486
10/03/2014,,,,,21034,6909,3235,757,2962
11/03/2014,,,,,5330,1695,2628,179,847
12/03/2014,,,,,10018,343,2174,265,1285
13/03/2014,,,,,20603,2374,1630,268,2051
14/03/2014,,,,,46855,9050,3966,556,1996
15/03/2014,,,,,71357,21010,3101,840,4686
16/03/2014,,,,,66906,18582,3215,602,3191
17/03/2014,,,,,65597,19432,277,366,2875
18/03/2014,,,,,40875,14036,480,182,1809
19/03/2014,,,,,57330,15720,940,266,2090
20/03/2014,,,,,69550,18031,1657,470,2513
21/03/2014,,,,,46573,9717,4195,736,3047
22/03/2014,,,,,41745,6442,1911,191,974
23/03/2014,,,,,17944,4647,1315,86,311
24/03/2014,,,,,2623,542,290,71,1106
25/03/2014,,,,,20873,6007,2576,616,2232
26/03/2014,,,,,48410,7638,3557,169,432
27/03/2014,,,,,15395,3378,805,199,880
28/03/2014,,,,,13673,5681,1173,300,1528
29/03/2014,,,,,11104,2017,743,84,582
30/03/2014,,,,,1002,674,1086,52,114
31/03/2014,,,,,3697,701,1073,126,484
01/04/2014,,,,,15699,5468,467,80,415
02/04/2014,,,,,23696,9259,867,26,116
03/04/2014,,,,,17502,6977,967,124,745
04/04/2014,,,,,48412,15790,1141,135,831
05/04/2014,,,,,24469,3899,2516,207,1124
06/04/2014,,,,,23266,5472,1297,404,1232
07/04/2014,,,,,21225,5474,200,84,795
08/04/2014,,,,,46629,12938,1218,102,631
09/04/2014,,,,,52962,17867,3189,134,1362
10/04/2014,,,,,3902,2092,1394,243,1413
11/04/2014,,,,,8003,2233,3217,312,1368
12/04/2014,,,,,35010,2455,1825,255,547
13/04/2014,,,,,62006,16312,3888,627,2195
14/04/2014,,,,,58134,13951,1323,290,1607
15/04/2014,,,,,36119,12584,1099,323,841
16/04/2014,,,,,8593,682,958,218,1340
17/04/2014,,,,,53689,11576,3258,582,1310
18/04/2014,,,,,35175,4493,1750,319,1650
19/04/2014,,,,,6969,5338,315,146,1051
20/04/2014,,,,,24283,12292,521,222,1901
21/04/2014,,,,,34278,10082,774,240,1462
22/04/2014,,,,,27066,7891,871,241,690
23/04/2014,,,,,20110,9110,2386,408,1795
24/04/2014,,,,,22823,8592,584,310,2430
25/04/2014,,,,,17767,6465,519,134,1068
26/04/2014,,,,,22056,6182,135,126,782
27/04/2014,,,,,19588,5915,281,144,326
28/04/2014,,,,,5065,2352,255,72,317
29/04/2014,,,,,5222,329,893,113,315
30/04/2014,,,,,11259,1241,637,133,406
01/05/2014,,,,,26176,4714,1336,506,1801
02/05/2014,,,,,7807,2823,1418,136,952
03/05/2014,,,,,29630,4741,749,267,498
04/05/2014,,,,,14520,6647,1029,330,1840
05/05/2014,,,,,4822,575,1654,388,1632
06/05/2014,,,,,29329,8208,830,80,354
07/05/2014,,,,,6518,3701,834,342,1223
08/05/2014,,,,,14411,7394,1153,332,711
09/05/2014,,,,,3449,3738,1091,169,912
10/05/2014,,,,,11954,6483,307,103,565
11/05/2014,,,,,19639,12265,762,296,1314
12/05/2014,,,,,16540,9717,1342,147,289
13/05/2014,,,,,35118,11532,1230,60,992
14/05/2014,,,,,27534,6971,1350,89,696
15/05/2014,,,,,6155,793,714,182,1292
16/05/2014,,,,,5288,1299,256,120,1339
17/05/2014,,,,,1957,1044,374,216,1977
18/05/2014,,,,,5598,1854,712,170,779
19/05/2014,,,,,3923,1179,1167,80,416
20/05/2014,,,,,5103,1137,470,24,98
21/05/2014,,,,,15675,4483,392,16,101
22/05/2014,,,,,24190,6103,356,73,1024
23/05/2014,,,,,8420,3378,1013,473,2363
24/05/2014,,,,,6658,1198,1217,322,2061
25/05/2014,,,,,6138,570,716,51,565
26/05/2014,,,,,5755,1752,1008,62,497
27/05/2014,,,,,38724,13452,2150,203,1597
28/05/2014,,,,,43044,15220,3036,247,1990
29/05/2014,,,,,14852,4056,1617,190,625
30/05/2014,,,,,19978,8493,249,33,390
31/05/2014,,,,,34969,6803,446,50,440
01/06/2014,,,,,3264,878,583,194,1223
02/06/2014,,,,,2282,264,2501,287,675
03/06/2014,,,,,3765,887,987,63,338
04/06/2014,,,,,10878,1912,816,98,361
05/06/2014,,,,,18849,4786,1185,46,270
06/06/2014,,,,,21058,7113,127,31,329
07/06/2014,,,,,3440,299,416,135,585
08/06/2014,,,,,7006,1469,474,125,749
09/06/2014,,,,,5512,1113,476,96,444
10/06/2014,,,,,14060,2959,864,163,877
11/06/2014,,,,,9079,2084,187,47,302
12/06/2014,,,,,31092,7440,961,119,1194
13/06/2014,,,,,41764,12031,850,236,1624
14/06/2014,,,,,15245,3961,2466,447,1799
15/06/2014,,,,,8420,948,1085,136,776
16/06/2014,,,,,21454,1669,1862,188,519
17/06/2014,,,,,10554,1169,3426,409,1316
18/06/2014,,,,,18078,3542,2421,113,1596
19/06/2014,,,,,58860,15148,639,365,2132
20/06/2014,,,,,39652,8853,844,314,1759
21/06/2014,,,,,46675,13978,1495,91,214
22/06/2014,,,,,47872,13318,194,124,1782
23/06/2014,,,,,32068,11994,209,339,1325
24/06/2014,,,,,4830,1550,301,247,1924
25/06/2014,,,,,3385,473,467,187,423
26/06/2014,,,,,2482,757,93,89,941
27/06/2014,,,,,4613,1386,295,83,509
28/06/2014,,,,,3110,1963,260,183,1225
29/06/2014,,,,,11363,722,1334,90,882
30/06/2014,,,,,14039,2683,398,10,274
01/07/2014,,,,,8325,3379,273,26,418
02/07/2014,,,,,20902,5688,1214,160,1043
03/07/2014,,,,,38929,7145,1853,363,1467
04/07/2014,,,,,16394,2510,1261,235,1041
05/07/2014,,,,,17180,2578,294,38,625
06/07/2014,,,,,12210,2942,840,98,814
07/07/2014,,,,,14375,4702,637,129,608
08/07/2014,,,,,16737,6411,768,191,1279
09/07/2014,,,,,34196,13591,831,279,1555
10/07/2014,,,,,18138,11329,2314,387,1903
11/07/2014,,,,,8602,8602,1874,379,2160
12/07/2014,,,,,3245,2018,1709,294,1590
13/07/2014,,,,,8657,4257,1253,319,949
14/07/2014,,,,,27916,12970,462,194,1278
15/07/2014,,,,,24548,4071,1054,272,684
16/07/2014,,,,,11420,939,811,201,340
17/07/2014,,,,,3570,340,161,44,296
18/07/2014,,,,,1947,594,73,12,243
19/07/2014,,,,,14409,3179,75,29,336
20/07/2014,,,,,28932,10126,449,92,549
21/07/2014,,,,,15825,11071,1338,187,671
22/07/2014,,,,,7734,5298,785,242,1157
23/07/2014,,,,,6121,3817,506,152,1362
24/07/2014,,,,,6603,3499,416,105,1013
25/07/2014,,,,,9672,7280,162,86,881
26/07/2014,,,,,9563,2461,20,118,808
27/07/2014,,,,,3644,539,217,152,1001
28/07/2014,,,,,4541,469,487,108,837
29/07/2014,,,,,5631,1607,249,21,535
30/07/2014,,,,,10231,2825,342,66,1262
31/07/2014,,,,,23547,4371,1672,181,933
01/08/2014,,,,,10624,3239,713,45,167
02/08/2014,,,,,33171,7409,255,129,1087
03/08/2014,,,,,9856,1484,1092,216,1562
04/08/2014,,,,,5132,2188,1162,297,1365
05/08/2014,,,,,4691,662,1072,202,659
06/08/2014,,,,,8778,1203,864,77,153
07/08/2014,,,,,10747,1184,522,25,232
08/08/2014,,,,,3020,470,204,33,520
09/08/2014,,,,,48171,10329,52,45,292
10/08/2014,,,,,39227,8708,197,59,250
11/08/2014,,,,,57737,12592,1074,240,1122
12/08/2014,,,,,40003,10632,618,151,772
13/08/2014,,,,,31306,6069,1296,242,1094
14/08/2014,,,,,31479,5605,1003,147,1887
15/08/2014,,,,,19478,3164,468,85,530
16/08/2014,,,,,45286,10053,365,149,669
17/08/2014,,,,,38817,15406,460,276,1696
18/08/2014,,,,,39383,18421,3000,453,2466
19/08/2014,,,,,61563,15875,3412,643,2906
20/08/2014,,,,,57177,16043,3379,721,3680
21/08/2014,,,,,33221,7587,2974,501,1621
22/08/2014,,,,,24942,9567,2051,368,1142
23/08/2014,,,,,26248,9670,1078,239,985
24/08/2014,,,,,48651,10370,759,72,296
25/08/2014,,,,,27076,6018,850,256,2688
26/08/2014,,,,,6192,2143,1492,386,1537
27/08/2014,,,,,6131,3013,1135,553,2308
28/08/2014,,,,,4919,708,1020,510,1765
29/08/2014,,,,,15069,2557,493,156,759
30/08/2014,,,,,13728,2968,330,10,307
31/08/2014,,,,,13344,2110,686,138,765
01/09/2014,,,,,7769,6213,485,128,876
02/09/2014,,,,,2255,3271,64,37,562
03/09/2014,,,,,4155,2819,590,9,291
04/09/2014,,,,,10202,5173,598,7,421
05/09/2014,,,,,6698,3156,667,53,714
06/09/2014,,,,,9929,3381,73,69,438
07/09/2014,,,,,4854,952,170,94,569
08/09/2014,,,,,30564,5674,754,181,923
09/09/2014,,,,,38394,11594,950,105,108
10/09/2014,,,,,19695,6693,199,115,426
11/09/2014,,,,,6985,3121,26,18,261
12/09/2014,,,,,3364,2370,49,40,1013
13/09/2014,,,,,10696,5112,671,159,996
14/09/2014,,,,,27446,11762,294,229,1577
15/09/2014,,,,,38822,14071,141,128,1313
16/09/2014,,,,,30869,9790,123,103,801
17/09/2014,,,,,24045,7025,134,108,776
18/09/2014,,,,,22889,6941,47,87,1141
19/09/2014,,,,,12330,2075,654,188,1602
20/09/2014,,,,,1906,383,952,85,560
21/09/2014,,,,,32827,6723,1283,92,367
22/09/2014,,,,,42984,13417,1104,80,373
23/09/2014,,,,,7986,1526,3331,652,2446
24/09/2014,,,,,15843,12110,2379,375,1230
25/09/2014,,,,,35457,10412,2968,354,1729
26/09/2014,,,,,41726,8437,2494,404,951
27/09/2014,,,,,41882,7554,3769,602,3304
28/09/2014,,,,,21108,3822,2824,560,2798
29/09/2014,,,,,3436,196,2060,204,1416
30/09/2014,,,,,9370,2167,2548,154,469
01/10/2014,,,,,7876,1437,127,140,855
02/10/2014,,,,,3895,709,724,136,756
03/10/2014,,,,,5027,2424,206,12,169
04/10/2014,,,,,31678,7414,249,28,150
05/10/2014,,,,,19517,6803,1390,129,796
06/10/2014,,,,,53302,14088,1399,438,2909
07/10/2014,,,,,58340,16376,3149,729,4065
08/10/2014,,,,,42683,11745,3514,491,2682
09/10/2014,,,,,44008,9712,1016,172,1219
10/10/2014,,,,,44724,8954,1470,216,1005
11/10/2014,,,,,10499,1113,1472,54,311
12/10/2014,,,,,8668,3740,358,171,1594
13/10/2014,,,,,13485,4724,154,56,475
14/10/2014,,,,,21004,1356,769,197,537
15/10/2014,,,,,21909,3123,3797,274,288
16/10/2014,,,,,9120,1803,1642,105,221
17/10/2014,,,,,10018,1438,474,55,494
18/10/2014,,,,,33901,6293,335,76,513
19/10/2014,,,,,48809,11714,3251,530,2292
20/10/2014,,,,,51495,15002,681,575,4032
21/10/2014,,,,,28224,7819,1451,148,633
22/10/2014,,,,,21807,3016,2446,561,3222
23/10/2014,,,,,24307,2831,1855,340,2595
24/10/2014,,,,,51929,11434,3786,469,2864
25/10/2014,,,,,26825,9919,4488,504,2801
26/10/2014,,,,,60321,11536,4756,495,1963
27/10/2014,,,,,62798,11729,5228,918,3449
28/10/2014,,,,,52882,8389,4566,763,2448
29/10/2014,,,,,24408,5317,4533,607,2314
30/10/2014,,,,,6340,711,629,36,363
31/10/2014,,,,,15109,2645,1005,7,69
01/11/2014,,,,,28291,4760,437,55,266
02/11/2014,,,,,48677,7429,4116,592,2162
03/11/2014,,,,,50627,14531,4550,557,2264
04/11/2014,,,,,17763,8217,4079,382,2300
05/11/2014,,,,,14185,4708,1840,87,753
06/11/2014,,,,,14851,4028,2195,164,774
07/11/2014,,,,,31901,4867,474,49,371
08/11/2014,,,,,38232,7241,837,90,301
09/11/2014,,,,,34338,6216,1273,120,613
10/11/2014,,,,,19094,3205,2509,206,1366
11/11/2014,,,,,24592,3611,1852,116,470
12/11/2014,,,,,49420,11346,262,222,1502
13/11/2014,,,,,16809,2378,1426,225,1395
14/11/2014,,,,,40313,8137,577,159,1225
15/11/2014,,,,,67529,17419,968,396,2062
16/11/2014,,,,,68469,18327,1930,511,3213
17/11/2014,,,,,37962,4305,1155,258,1895
18/11/2014,,,,,30244,10372,671,232,2185
19/11/2014,,,,,17639,6446,1295,157,1184
20/11/2014,,,,,2023,704,681,66,334
21/11/2014,,,,,1377,246,146,28,153
22/11/2014,,,,,21606,6646,37,12,66
23/11/2014,,,,,41536,12985,328,73,439
24/11/2014,,,,,36934,12062,3191,626,3490
25/11/2014,,,,,9995,2579,2863,215,1321
26/11/2014,,,,,17519,2981,787,21,631
27/11/2014,,,,,44549,10337,648,61,796
28/11/2014,,,,,59085,14072,305,117,962
29/11/2014,,,,,42965,13417,79,28,270
30/11/2014,,,,,43350,11957,18,16,186
01/12/2014,,,,,43751,13289,123,15,402
02/12/2014,,,,,11393,3086,2013,134,1442
03/12/2014,,,,,2837,462,3057,141,651
04/12/2014,,,,,10991,5727,2351,123,118
05/12/2014,,,,,13473,4623,1652,180,1556
06/12/2014,,,,,20179,5116,2688,235,1408
07/12/2014,,,,,53172,15834,2655,320,1346
08/12/2014,,,,,21366,11108,3533,380,2158
09/12/2014,,,,,31696,8446,2603,206,1046
10/12/2014,,,,,65326,20281,5168,833,3645
11/12/2014,,,,,48848,18756,4500,689,2677
12/12/2014,,,,,37141,18598,3386,552,3692
13/12/2014,,,,,48043,15728,3872,729,4928
14/12/2014,,,,,57622,14598,2554,490,2236
15/12/2014,,,,,47504,17667,4631,632,2181
16/12/2014,,,,,40053,14104,3573,498,2476
17/12/2014,,,,,26179,11030,1879,342,2918
18/12/2014,,,,,47495,13732,2287,323,1669
19/12/2014,,,,,59617,17362,3132,696,4203
20/12/2014,,,,,66997,19717,2490,560,3842
21/12/2014,,,,,54654,17211,3273,455,2314
22/12/2014,,,,,55782,18251,1444,447,3713
23/12/2014,,,,,44200,12693,1001,438,4150
24/12/2014,,,,,26599,13956,875,203,2068
25/12/2014,,,,,26388,9858,2448,206,1383
26/12/2014,,,,,9924,1622,2964,316,655
27/12/2014,,,,,9745,1487,859,306,962
28/12/2014,,,,,13522,2453,620,52,18
29/12/2014,,,,,16349,3029,381,49,426
30/12/2014,,,,,30741,5761,4101,489,2455
31/12/2014,,,,,37998,9684,3177,371,2597
01/01/2015,,,,,68676,16953,3036,571,4917
02/01/2015,,,,,74827,21390,5143,980,4731
03/01/2015,,,,,59688,18217,4858,887,4659
04/01/2015,,,,,45770,15376,4432,860,2643
05/01/2015,,,,,14259,6209,2765,372,732
06/01/2015,,,,,34851,7653,760,86,3360
07/01/2015,,,,,41383,10730,4575,556,3350
08/01/2015,,,,,56485,16847,4582,809,2442
09/01/2015,,,,,65035,20831,907,392,2220
10/01/2015,,,,,49592,14905,1561,419,4516
11/01/2015,,,,,63025,18905,2667,711,3507
12/01/2015,,,,,71279,18497,2027,437,4151
13/01/2015,,,,,36656,11635,4406,648,2756
14/01/2015,,,,,42172,12628,2838,442,2511
15/01/2015,,,,,68893,18412,3073,527,3332
16/01/2015,,,,,64764,16777,5791,878,1418
17/01/2015,,,,,44090,11793,4170,457,1271
18/01/2015,,,,,17240,6541,3632,493,177
19/01/2015,,,,,5752,2335,570,61,1603
20/01/2015,,,,,10601,1399,835,344,994
21/01/2015,,,,,2557,394,1946,225,67
22/01/2015,,,,,1032,256,418,12,130
23/01/2015,,,,,15362,1171,660,32,282
24/01/2015,1649,8635,23540,12469,42252,11325,1461,42,68
25/01/2015,3846,12525,5367,2023,15686,3705,625,8,555
26/01/2015,7285,13393,19185,11517,38148,10973,981,59,1299
27/01/2015,6934,19305,11410,5401,33236,9947,1633,80,1180
28/01/2015,3482,14867,31432,19181,61524,15988,3609,124,3473
29/01/2015,4252,15752,26446,23085,38385,18481,4569,266,3623
30/01/2015,2873,8382,10450,5521,5159,2244,2248,347,1498
31/01/2015,2934,11835,12429,3267,8617,6876,2715,258,4008
01/02/2015,7347,22891,16414,10883,21597,9929,2758,521,2888
02/02/2015,5417,15017,11350,2322,15287,7152,2836,364,1082
03/02/2015,2787,9125,12362,3428,17574,2758,982,210,439
04/02/2015,982,3691,8005,2563,14785,2001,272,76,1
05/02/2015,6416,14694,7024,1877,6012,1697,343,7,1436
06/02/2015,7544,24228,17599,5861,21189,2071,3579,330,3403
07/02/2015,8655,27251,32429,21660,69633,17457,2095,584,3706
08/02/2015,5582,20177,31574,22861,55566,16983,4917,733,487
09/02/2015,6420,24172,23369,12450,58344,9904,784,58,528
10/02/2015,8870,27153,20254,9571,50723,5417,2543,39,441
11/02/2015,8881,25083,24430,6400,15799,2085,2514,109,1405
12/02/2015,9044,19310,19744,4488,8106,587,3247,562,541
13/02/2015,4098,7574,6626,1260,14234,1384,976,107,261
14/02/2015,2001,4829,6395,3738,24771,4955,996,39,2930
15/02/2015,8257,22736,21934,23433,55959,17874,2611,446,3253
16/02/2015,10183,27598,21141,22628,51250,14392,2725,451,3970
17/02/2015,9455,25613,27091,10372,24490,3271,4642,630,4046
18/02/2015,7204,21520,36464,22521,64549,13683,3627,795,3176
19/02/2015,7091,22164,37984,18951,70430,13731,3068,577,1950
20/02/2015,6758,13751,27495,17474,40200,14220,4425,684,2938
21/02/2015,5167,10050,8906,8274,5457,9021,3239,429,2308
22/02/2015,3568,9112,21083,17342,30826,11351,4911,748,1309
23/02/2015,5388,22262,29313,20548,47914,16094,3317,330,504
24/02/2015,7591,18006,22267,14993,49827,14474,2028,121,351
25/02/2015,4043,12509,24825,8872,18612,6806,1450,123,73
26/02/2015,4644,19953,21789,9819,37405,8940,69,2,290
27/02/2015,9815,25795,20238,7715,8028,5130,47,13,126
28/02/2015,7776,21978,18721,5224,39418,6361,254,14,2126
01/03/2015,10290,29181,32944,21584,58242,15797,2336,305,1084
02/03/2015,7934,15413,10616,9946,31919,14956,2096,137,4429
03/03/2015,2043,1040,10834,17921,28605,10805,1728,335,724
04/03/2015,897,2800,8569,5223,21151,7785,1996,99,219
05/03/2015,2906,12669,10955,4312,21742,4986,146,4,1432
06/03/2015,6505,17092,18058,11945,29854,8690,3078,386,1949
07/03/2015,9898,28244,38675,21461,61151,15197,3109,549,3632
08/03/2015,8710,23327,37614,18773,48756,11889,4525,909,1112
09/03/2015,9634,22749,14493,6726,15313,3936,1833,187,932
10/03/2015,4470,17653,37348,19619,52999,10300,3848,504,515
11/03/2015,5417,14132,16022,10525,19132,8415,1864,153,2049
12/03/2015,8303,16254,9637,4068,4389,1673,1246,322,3281
13/03/2015,9248,21759,11230,12484,16701,9380,2100,501,1744
14/03/2015,4331,5276,16806,14888,26672,11615,1978,261,1406
15/03/2015,5383,10511,14708,13033,29829,13268,1414,257,2116
16/03/2015,6594,13278,12106,14386,45854,15313,1448,363,2399
17/03/2015,4738,8463,13874,15528,26080,11042,1190,356,846
18/03/2015,2624,6351,6405,11355,7912,7491,319,144,123
19/03/2015,8981,18185,6953,2402,4479,574,1192,39,734
20/03/2015,5523,8681,3505,3146,14876,2482,758,84,1666
21/03/2015,2628,6652,18201,13809,34682,7909,3021,367,962
22/03/2015,7409,17770,29280,7776,14743,2452,1687,292,3221
23/03/2015,1924,14354,38024,17128,37678,6719,4608,921,1249
24/03/2015,5735,16571,11881,3749,2240,885,3345,333,874
25/03/2015,3860,6833,24082,16218,23696,9637,1663,188,2916
26/03/2015,5686,20684,21920,12051,19595,3820,3388,608,711
27/03/2015,5027,7326,3621,1544,7345,758,3868,176,415
28/03/2015,1705,8518,9840,8156,39214,5532,1760,43,2036
29/03/2015,7866,22467,18893,14980,24830,8870,2373,438,4577
30/03/2015,3197,4161,10651,18298,58733,14245,4173,594,2848
31/03/2015,1171,6488,8684,10423,39570,11205,2648,485,1944
01/04/2015,3081,5014,6432,15577,65407,15612,856,229,1977
02/04/2015,1952,12564,13083,11061,46779,10253,1275,277,1283
03/04/2015,2104,15597,13115,7382,21845,5605,294,169,935
04/04/2015,1809,8451,14999,6812,10908,3264,1523,163,551
05/04/2015,2482,5892,7155,8805,9688,3482,1110,99,701
06/04/2015,7720,18105,11780,5306,4933,1903,859,102,1711
07/04/2015,7756,25759,20673,15810,41968,9894,1911,327,1636
08/04/2015,10409,27419,17946,6749,24613,4808,4799,402,2911
09/04/2015,7998,23718,23752,10861,7475,1299,3369,640,1733
10/04/2015,7349,21321,23038,6174,3876,685,2161,232,669
11/04/2015,3799,9142,9935,10364,33629,8056,1043,149,4386
12/04/2015,1361,16927,32817,25598,59637,13231,3388,840,3437
13/04/2015,7874,28037,20723,30067,63509,17909,1855,402,2400
14/04/2015,4150,12082,18711,16198,44962,10650,3167,463,2749
15/04/2015,499,6811,16202,20046,51562,14039,835,343,3764
16/04/2015,6018,18322,21087,20202,58976,14099,1882,423,1828
17/04/2015,3408,15170,18561,9966,31686,8390,1474,253,1449
18/04/2015,3410,17348,12641,8097,10361,2348,1081,240,1908
19/04/2015,8813,28027,20482,8385,14808,1346,2010,369,2915
20/04/2015,4791,21454,17157,11787,15239,3624,2734,593,1111
21/04/2015,4379,12435,8918,7883,42775,8370,1477,242,711
22/04/2015,7439,25860,12628,5174,16687,2271,2365,122,3458
23/04/2015,3062,27743,30060,22037,40347,10381,4009,387,2561
24/04/2015,1074,11482,15000,12270,17846,3092,1881,362,343
25/04/2015,2457,14038,12967,7615,30722,4714,602,81,555
26/04/2015,5232,13616,16306,4096,9500,2522,940,38,1018
27/04/2015,1314,1548,6643,2268,17943,2033,858,58,550
28/04/2015,1735,4209,3876,4446,16891,2964,396,73,2205
29/04/2015,572,3845,12142,11624,33279,7087,2835,417,893
30/04/2015,3354,11462,14693,12477,14946,4996,1237,111,1364
01/05/2015,4035,3960,6070,4589,4056,894,1862,265,2888
02/05/2015,1996,12071,13835,11994,11497,2150,1039,275,175
03/05/2015,2717,9574,4637,4925,25903,8078,632,39,1994
04/05/2015,1471,8312,18503,10756,29996,7002,579,308,683
05/05/2015,5438,11761,13390,13339,44756,13289,1192,113,1002
06/05/2015,6686,15759,19996,12022,49746,7845,2840,267,537
07/05/2015,4357,11037,22261,16101,55874,13686,672,148,1133
08/05/2015,1807,6434,29694,11361,13598,1585,1508,401,266
09/05/2015,4559,15099,9031,7429,38899,6688,1506,86,1269
10/05/2015,2978,4788,8377,11139,38217,13273,984,246,296
11/05/2015,3828,16083,23397,11544,45659,8095,700,74,2664
12/05/2015,1275,8044,19419,12152,30781,8376,3074,603,4162
13/05/2015,4351,21278,22860,21186,60388,16644,4372,786,896
14/05/2015,10467,31164,16683,5330,11608,4906,2060,58,1356
15/05/2015,7590,18074,13436,6253,6232,1892,1238,236,789
16/05/2015,1107,7185,8194,7908,37917,8330,909,235,3606
17/05/2015,846,3676,22030,24921,59457,16220,494,527,3082
18/05/2015,1508,2294,5349,9342,25630,5550,701,503,972
19/05/2015,1666,4784,15225,9695,38418,6585,789,148,646
20/05/2015,798,5414,9334,7906,14943,2787,797,78,1118
21/05/2015,1862,8155,8743,4362,8764,2183,1024,128,329
22/05/2015,4169,17190,28646,8723,33957,2556,1074,172,818
23/05/2015,6741,24194,21448,10695,35507,3742,2747,270,218
24/05/2015,4893,12674,11831,6315,25193,1469,1305,175,373
25/05/2015,535,2969,12784,4838,13141,1245,961,141,861
26/05/2015,442,2820,6331,8504,41093,7451,525,139,1079
27/05/2015,3142,13395,9290,12175,39688,9122,532,68,396
28/05/2015,3077,9610,12570,11526,42719,9389,495,95,797
29/05/2015,3090,11156,22770,10980,27974,6099,1048,193,2437
30/05/2015,2677,9373,19708,17458,50071,14949,1068,469,1617
31/05/2015,5138,17558,30876,19877,46943,11253,2939,640,2013
01/06/2015,5700,19201,32515,17119,50928,8838,2848,401,600
02/06/2015,8901,20931,26502,19022,60667,14252,575,143,3594
03/06/2015,2260,14096,37196,27852,64680,15612,4632,866,2626
04/06/2015,5574,24958,25273,14720,18036,2971,3619,474,322
05/06/2015,7502,15073,6453,5486,21575,5653,1304,111,1628
06/06/2015,1786,12905,25888,14995,40393,9482,1600,367,1228
07/06/2015,4263,18818,33292,17702,50755,7551,3821,451,1064
08/06/2015,3655,17503,10320,7489,26214,3318,2105,187,698
09/06/2015,5775,11353,5114,2403,4353,725,1116,136,564
10/06/2015,9017,20838,19426,8722,23134,886,2320,212,1226
11/06/2015,7175,16579,11041,5235,15814,1118,1655,124,293
12/06/2015,4331,10324,8823,2977,2159,408,2033,220,379
13/06/2015,4316,9417,7918,3987,7257,2238,1173,82,1488
14/06/2015,1482,5000,13655,14091,45247,8164,1152,304,1502
15/06/2015,4119,22809,10531,10687,42413,6334,2426,264,523
16/06/2015,8863,25407,7251,5502,25971,3031,2213,127,269
17/06/2015,1975,6552,11416,10902,35245,5111,1366,112,1144
18/06/2015,690,3610,6278,11804,46395,8103,2123,405,446
19/06/2015,1030,5405,6648,5868,32718,10595,786,166,286
20/06/2015,1402,5115,4273,3140,17795,6167,91,38,136
21/06/2015,1036,2973,1361,2403,7048,2920,197,16,271
22/06/2015,850,2115,2370,3296,7102,3216,173,26,1424
23/06/2015,614,1996,2710,3265,10260,2118,725,187,2016
24/06/2015,1881,6162,10989,13338,53618,11183,2626,498,1668
25/06/2015,1827,15806,15017,12778,32115,3428,2089,505,1235
26/06/2015,1508,9355,6791,5922,7551,791,801,234,449
27/06/2015,1273,5508,3013,1233,9611,2985,493,57,193
28/06/2015,1279,6001,7557,2340,15407,3397,425,35,331
29/06/2015,1048,4006,10421,4063,15969,1879,507,75,385
30/06/2015,879,7679,5571,5304,10728,1966,598,88,889
01/07/2015,1001,3686,2516,1598,8473,2508,1528,158,658
02/07/2015,1635,7317,6599,7458,39974,9604,360,30,198
03/07/2015,2391,12290,13953,6372,9619,3398,2056,32,343
04/07/2015,3573,14507,3996,2296,3609,1425,1693,106,88
05/07/2015,1372,6463,3500,1153,3416,1074,671,47,2286
06/07/2015,4540,14050,24995,17420,50987,11633,1186,364,3116
07/07/2015,1449,10413,28564,14181,19454,2774,3366,764,1942
08/07/2015,1277,3986,11019,15520,49210,12877,1201,382,2896
09/07/2015,4712,14094,16962,22597,67877,18035,2516,702,3029
10/07/2015,3265,15945,22458,21535,55653,16130,551,365,2278
11/07/2015,2267,7124,6399,4286,4465,890,811,309,1070
12/07/2015,854,1624,2767,1138,5904,2579,1030,103,233
13/07/2015,659,1220,1936,2218,7614,2267,206,15,168
14/07/2015,564,2086,2582,3541,20860,1488,173,18,895
15/07/2015,635,5853,4182,9552,38968,6023,497,22,1015
16/07/2015,554,9649,9444,9616,23487,1223,540,175,1947
17/07/2015,1754,10467,9967,4263,21315,3406,649,306,838
18/07/2015,2384,12864,28068,11273,44839,8638,817,197,1131
19/07/2015,1747,4731,19483,7919,18327,2134,1716,266,1665
20/07/2015,2512,7130,8018,4931,10687,6202,618,120,733
21/07/2015,1165,3345,9306,11407,35172,9911,834,168,1535
22/07/2015,468,720,15363,7487,14873,2493,2655,429,1394
23/07/2015,343,2723,17307,13449,35511,6006,1042,179,1159
24/07/2015,1085,4884,17289,5455,7713,1692,2769,350,1849
25/07/2015,463,3530,13214,10376,36440,8948,884,282,2604
26/07/2015,3781,13357,18577,20498,56143,15368,2411,615,818
27/07/2015,4526,7341,14562,6939,18295,4921,2003,359,631
28/07/2015,1424,3354,8247,6187,10447,12818,360,107,1242
29/07/2015,1404,926,6991,8662,31920,13297,388,309,2300
30/07/2015,1967,10821,6136,4990,26777,13357,1490,259,2292
31/07/2015,710,14239,7244,13227,52598,13210,1886,158,1562
01/08/2015,2582,12525,9056,4239,9336,1072,1351,213,913
02/08/2015,778,4821,14422,2858,8264,777,2122,175,771
03/08/2015,1500,8844,4685,2495,21993,4822,1138,36,720
04/08/2015,972,5204,12958,11935,20318,6364,259,97,800
05/08/2015,3602,10984,7432,2815,10173,1506,1440,167,200
06/08/2015,1055,1984,4303,1935,12181,3425,697,19,185
07/08/2015,696,7344,8477,4969,5084,1750,158,33,1040
08/08/2015,2204,6762,8911,2436,11396,1123,1551,206,702
09/08/2015,1635,4176,7770,3564,5108,496,217,22,332
10/08/2015,805,3045,4291,1979,5330,946,63,25,777
11/08/2015,3596,11347,5931,1601,5912,1421,226,46,447
12/08/2015,5564,10224,5768,3021,11228,1260,325,32,929
13/08/2015,5210,10331,5246,5019,6900,3700,1859,205,1069
14/08/2015,2113,2636,9933,17051,47353,17268,538,106,1256
15/08/2015,1693,8999,18668,18919,15509,4959,655,183,1854
16/08/2015,2055,6699,17438,17397,12846,4370,1194,290,2338
17/08/2015,2391,5546,19184,22972,45992,16476,843,324,1699
18/08/2015,1661,6674,16083,22537,53696,17484,644,251,1194
19/08/2015,2530,9962,9642,12240,23219,9063,256,153,677
20/08/2015,1640,8589,6185,5725,8072,4012,44,84,539
21/08/2015,1438,8253,5417,2734,13271,2631,106,65,909
22/08/2015,810,7067,1833,2215,13940,4090,265,115,1395
23/08/2015,368,2003,6689,10028,31936,10068,727,191,1508
24/08/2015,321,3594,17119,14382,39893,9865,990,250,1688
25/08/2015,716,9824,15834,11960,40742,10687,1208,258,682
26/08/2015,1935,11446,17577,9888,36881,8310,1557,244,1426
27/08/2015,2315,15473,20253,13935,34334,9699,963,201,1950
28/08/2015,5315,17105,22829,9848,26760,4808,2027,256,1894
29/08/2015,4811,15530,21710,9111,21510,2569,2901,454,301
30/08/2015,3280,4314,8420,2218,1535,1134,1233,106,607
31/08/2015,3486,2904,2022,4785,12176,3397,162,35,1486
01/09/2015,1809,4596,23542,7477,25698,8119,728,249,1186
02/09/2015,1006,10234,21848,14727,51082,14310,1450,188,303
03/09/2015,1884,2903,7226,5150,34921,3690,380,54,492
04/09/2015,1264,2791,3902,2161,14498,5312,430,71,1603
05/09/2015,752,5076,10238,8300,42087,15057,874,212,1168
06/09/2015,4010,17244,23434,15323,45110,16354,372,139,936
07/09/2015,4177,19048,19805,12858,12952,5958,1698,300,1087
08/09/2015,3218,13520,14117,8728,9642,3232,2101,263,633
09/09/2015,3910,10142,3191,3713,2784,609,668,99,367
10/09/2015,1615,3723,1916,3346,6876,4247,133,42,873
11/09/2015,1747,2904,6965,14153,33959,10346,317,113,1785
12/09/2015,4113,7815,16561,15136,37346,6450,979,313,1716
13/09/2015,3596,12513,18496,15811,33020,9009,1211,196,3357
14/09/2015,3097,13570,27602,20825,36005,8788,1205,493,1649
15/09/2015,3258,20425,23528,13318,36592,11875,2361,322,565
16/09/2015,2410,8385,12464,10376,30180,9109,396,79,1160
17/09/2015,3285,15314,24308,17305,57987,15518,1212,126,3028
18/09/2015,3821,11135,29199,23593,49710,13153,3744,683,1273
19/09/2015,5188,29066,16203,9425,26281,2419,3563,577,195
20/09/2015,2622,20181,7173,3669,27035,7862,799,44,636
21/09/2015,883,7228,1732,1797,6770,2983,242,23,877
22/09/2015,1331,3098,6899,8350,21075,5176,974,114,1089
23/09/2015,3156,11602,6672,3325,3158,1420,1285,152,325
24/09/2015,2260,9062,11042,9133,28681,8915,1038,120,284
25/09/2015,4359,17191,22059,7826,29528,3205,446,46,754
26/09/2015,5567,16839,11243,8938,23693,2913,502,75,751
27/09/2015,5680,23131,11963,5144,9921,1620,665,114,1048
28/09/2015,2080,4940,7505,4226,1371,648,1938,189,515
29/09/2015,7473,15693,14844,1786,433,370,721,54,862
30/09/2015,7730,21886,13663,7512,10663,448,2034,328,2734
01/10/2015,6521,25099,19633,11974,30869,3359,2291,325,3326
02/10/2015,7219,30767,31690,15241,29434,3642,3728,634,527
03/10/2015,4488,15100,7163,2278,4843,708,1536,55,523
04/10/2015,7780,18731,3272,442,220,534,1080,61,503
05/10/2015,3970,6546,9937,3794,9497,1649,1390,143,2593
06/10/2015,1621,11337,23431,24101,56706,16854,1564,364,1984
07/10/2015,3671,18227,24506,27120,60527,17896,405,167,880
08/10/2015,2487,13677,12803,16444,36119,7056,389,35,392
09/10/2015,1969,9489,5340,6419,18637,3985,853,32,68
10/10/2015,861,2340,1492,3121,14306,6364,993,32,709
11/10/2015,2027,3868,1007,5586,16625,4553,307,38,840
12/10/2015,3605,3549,3938,6292,16800,5842,230,45,1648
13/10/2015,3535,10932,6449,9390,26751,3374,146,157,1399
14/10/2015,4478,9148,5133,10884,32414,7830,386,98,2389
15/10/2015,7673,16530,12666,18134,35369,13234,327,248,2244
16/10/2015,8483,17621,11343,12387,29654,5032,794,223,550
17/10/2015,7461,19947,4831,4998,12830,1600,143,44,488
18/10/2015,3450,11081,6074,4351,7249,1722,224,98,624
19/10/2015,597,1854,1525,2606,1667,757,309,66,488
20/10/2015,1994,5680,3638,640,2162,401,728,38,166
21/10/2015,5779,18311,16981,4626,24720,4116,1625,23,1153
22/10/2015,4737,16521,34270,19330,46723,13046,4272,389,3102
23/10/2015,4248,20214,25010,21500,40375,13722,2583,506,700
24/10/2015,5902,20067,21803,7560,28885,5371,1130,108,1603
25/10/2015,6057,22955,32629,17084,34182,6945,2545,385,2218
26/10/2015,5577,21875,14995,4497,8706,1196,3057,401,911
27/10/2015,5414,10604,10125,5260,17967,5345,3009,201,1351
28/10/2015,3373,10754,9793,17877,40289,11869,593,145,1680
29/10/2015,1157,4419,4594,6229,9554,1798,1132,141,495
30/10/2015,4827,14299,5851,3070,9665,2084,365,73,1328
31/10/2015,6626,25697,15736,6565,16054,4285,1759,211,2162
01/11/2015,10265,31269,22569,8046,4707,1413,2592,464,1626
02/11/2015,8627,31907,26103,9030,4714,317,2466,350,479
03/11/2015,7291,17487,14099,1699,1630,315,1582,175,135
04/11/2015,7726,20712,5234,900,3447,384,1531,74,37
05/11/2015,2720,5621,3225,2561,6494,1602,289,13,364
06/11/2015,739,6843,4612,3223,10192,3691,479,32,1286
07/11/2015,1188,14089,17591,10570,30357,11362,2566,251,4356
08/11/2015,1891,13020,19921,19117,30710,13031,1835,645,2346
09/11/2015,4273,17586,31564,23462,52486,17638,1395,350,3420
10/11/2015,297,6967,26651,20693,44985,18736,816,549,2505
11/11/2015,2097,18969,20480,15601,28779,15544,1537,394,3306
12/11/2015,175,3919,21201,20854,36627,13049,788,467,1986
13/11/2015,2128,14902,25595,19384,44288,15696,1773,345,3019
14/11/2015,1163,4171,27101,26018,41032,18049,1700,465,1586
15/11/2015,277,2152,15226,8524,4233,3066,518,255,905
16/11/2015,285,8063,19217,13313,34261,9090,623,155,1547
17/11/2015,2652,9612,20345,9540,19005,8098,2020,157,2995
18/11/2015,606,3208,7908,16028,36906,17431,863,288,3654
19/11/2015,326,5442,17365,21606,34960,18026,906,347,1546
20/11/2015,1521,14702,10246,3605,8007,6751,1221,96,151
21/11/2015,6523,28119,14215,10059,13771,7386,3417,104,1033
22/11/2015,4506,17853,17517,20418,34581,11027,1874,15,197
23/11/2015,2364,9387,12169,8341,13709,6618,551,17,1980
24/11/2015,5797,19257,28289,22408,47595,18202,2160,457,2843
25/11/2015,2553,12906,14758,9171,12099,6023,3845,656,1186
26/11/2015,7707,29316,14143,2846,15822,2026,3454,336,2492
27/11/2015,8758,34122,41987,23078,55614,13266,4937,822,2199
28/11/2015,4137,14115,33588,21475,47090,15082,4808,660,2865
29/11/2015,7575,26486,33420,25459,53192,18301,3370,575,4817
30/11/2015,2338,13777,30137,24313,49918,16510,3883,778,3510
01/12/2015,3953,32873,28997,22925,33186,13084,3025,635,1550
02/12/2015,5379,22387,20806,11652,37198,10435,2459,299,1631
03/12/2015,8666,28697,18361,11122,23584,10968,2352,270,3905
04/12/2015,6463,21679,33608,27465,64351,18565,3560,706,5052
05/12/2015,6841,29244,39448,29847,69276,16366,4295,940,5190
06/12/2015,7863,31716,38540,30031,67195,20884,4869,867,3826
07/12/2015,8873,36931,24758,15591,21840,4673,4499,610,677
08/12/2015,5161,23382,22371,11028,36700,7705,2543,187,2083
09/12/2015,5355,27320,35599,17632,46207,11214,4245,556,3612
10/12/2015,3913,28416,41279,28793,63630,19123,4466,881,3721
11/12/2015,2493,24422,24773,20142,39406,15950,2662,613,3040
12/12/2015,5110,25438,21167,15120,22724,11225,495,518,848
13/12/2015,2766,8249,10905,5236,10726,7478,661,98,731
14/12/2015,6679,16893,8480,5831,11887,2550,1222,250,198
15/12/2015,8027,28163,7470,1771,11831,2291,1749,134,835
16/12/2015,3641,19171,11244,6773,26889,7090,3224,321,902
17/12/2015,2356,5368,13418,9793,31220,8665,1398,159,2446
18/12/2015,2465,15328,35843,20614,48226,12359,2446,440,4272
19/12/2015,4914,28261,30815,21503,54100,13192,3176,719,2919
20/12/2015,6637,24568,39651,21285,58238,14537,3986,723,3121
21/12/2015,7058,29060,37930,25259,57137,16368,4416,786,4405
22/12/2015,3206,21766,31949,26899,61559,17224,2762,678,4998
23/12/2015,2138,17724,35876,27115,56898,18430,3665,877,3119
24/12/2015,7767,34007,37483,20827,55286,14156,3506,605,4432
25/12/2015,7950,33839,42241,28316,55507,17058,4808,874,2152
26/12/2015,10359,33991,17082,5968,16679,8139,4498,410,1025
27/12/2015,6682,22793,19221,18449,58761,15284,1713,195,2072
28/12/2015,1481,8749,11000,12435,30494,8163,1139,289,1012
29/12/2015,7519,32051,26717,25600,65314,17774,651,98,1419
30/12/2015,8697,34372,26819,23625,59997,16932,1277,286,2072
31/12/2015,9020,28009,22642,19970,51890,13839,1241,323,1771
01/01/2016,8894,27436,10092,5341,13265,1542,1037,221,1533
02/01/2016,3302,9028,19171,23860,65571,17460,568,154,283
03/01/2016,1995,5179,8612,18055,72334,18420,1221,45,328
04/01/2016,4335,16691,9352,15906,64400,16179,337,51,250
05/01/2016,3530,9272,10846,11669,50214,11896,178,70,465
06/01/2016,1078,2433,9001,13190,33376,8778,494,38,1045
07/01/2016,1162,4365,11344,15156,52316,14033,410,106,1265
08/01/2016,4647,7642,16485,17794,37355,12826,1155,226,96
09/01/2016,1606,2063,14214,6522,19486,3987,648,22,1262
10/01/2016,207,11635,24223,18084,40932,9883,604,214,1723
11/01/2016,3535,18965,5271,3882,12909,2232,1935,263,441
12/01/2016,4756,16158,7411,3063,21187,2583,1271,22,2625
13/01/2016,5345,16264,14704,8622,12790,3362,1730,346,2358
14/01/2016,8827,19182,10069,5256,19330,2884,1586,324,792
15/01/2016,7732,25027,6998,4445,10424,3256,1931,26,832
16/01/2016,8319,28504,11487,2534,8271,272,282,44,1053
17/01/2016,2272,21567,18429,5491,6268,2420,1109,207,1755
18/01/2016,993,5483,19055,9994,23374,3106,1592,482,2537
19/01/2016,510,2235,5083,12546,23835,11396,733,205,2585
20/01/2016,856,1709,6811,5120,4348,1753,268,197,233
21/01/2016,1862,5001,3988,4434,8430,1665,314,22,140
22/01/2016,4608,12322,11728,3986,28545,6465,324,20,1233
23/01/2016,1317,10997,13342,5303,15097,2916,1498,198,1175
24/01/2016,1162,12389,12260,5677,28100,6279,1419,192,472
25/01/2016,2524,11267,11094,4459,33779,8585,93,45,3318
26/01/2016,4223,20420,33463,20895,62647,15438,2698,591,4926
27/01/2016,3368,18634,32815,27650,71473,19875,2999,832,5611
28/01/2016,3196,20393,37662,28156,66110,18563,4215,887,4877
29/01/2016,6460,32065,39400,27544,72917,19655,4316,831,5421
30/01/2016,7518,33666,37084,23082,59512,15919,4598,887,4104
31/01/2016,7976,17303,27333,23830,52037,16091,1441,495,2939
01/02/2016,6935,27738,26068,19244,51331,13405,1383,485,5766
02/02/2016,1033,4170,36509,30497,71868,21803,4629,902,4831
03/02/2016,2005,19546,20777,23180,62167,19102,1779,622,2113
04/02/2016,3185,33079,23551,16582,44191,13868,1401,259,3074
05/02/2016,2367,14808,16206,9516,26726,7684,2395,434,1764
06/02/2016,5132,24614,27892,15558,57843,13049,2366,545,3129
07/02/2016,4631,26063,30072,15831,61521,13740,3804,593,3468
08/02/2016,8289,29072,33872,24488,65312,18529,4005,667,4328
09/02/2016,2052,7546,18626,20148,35520,14383,4344,1031,2643
10/02/2016,255,2371,9904,13579,4778,9175,3713,762,755
11/02/2016,3423,22798,11724,1502,4214,606,1572,36,1753
12/02/2016,9937,35224,11882,2320,5901,458,2188,203,1060
13/02/2016,5284,13087,4163,1687,6966,2526,1692,150,606
14/02/2016,1786,2225,3631,6601,33588,11662,827,23,836
15/02/2016,5274,18304,10404,8699,22097,9854,185,50,1011
16/02/2016,7078,20777,15255,4303,13758,818,1345,136,2014
17/02/2016,5420,27520,26498,12043,40600,7796,1926,267,3594
18/02/2016,4656,16950,5633,3525,10905,1228,3163,528,195
19/02/2016,2629,10175,7884,2270,17182,1895,402,3,2235
20/02/2016,6215,32053,29081,19918,54307,15827,2148,315,3634
21/02/2016,6921,16324,20065,16799,40516,11999,2646,446,4269
22/02/2016,1377,1734,11802,20294,49300,15790,838,456,4606
23/02/2016,2717,13075,8149,14505,48189,15696,732,352,1925
24/02/2016,3672,24792,12265,11559,43264,13618,1441,227,2975
25/02/2016,3472,8242,11813,8059,18102,5569,1783,249,2778
26/02/2016,2833,7907,11153,8941,19677,4326,2040,605,1923
27/02/2016,1537,21871,10903,6915,6369,205,1427,503,245
28/02/2016,2207,12359,5848,1507,2568,77,1699,135,902
29/02/2016,4489,13856,3475,1240,1773,1209,189,40,3203
01/03/2016,2943,22123,10789,6044,41810,5188,968,278,711
02/03/2016,5841,23201,17582,12729,25255,11343,1470,130,1425
03/03/2016,1795,5589,9088,2961,10185,2844,587,113,1079
04/03/2016,1184,3390,5309,2373,13060,3742,662,189,987
05/03/2016,340,2540,7819,15095,32213,8845,142,75,2992
06/03/2016,484,1667,12321,10552,7679,1422,512,360,932
07/03/2016,399,513,8613,8277,3282,4616,1137,187,642
08/03/2016,1246,836,2585,3575,3763,2585,230,29,334
09/03/2016,365,1427,2887,3211,20426,4049,510,38,865
10/03/2016,1983,4874,2869,4535,7668,4712,101,107,789
11/03/2016,2997,6227,3119,1299,946,2102,121,121,767
12/03/2016,1968,5419,4824,1257,1472,138,415,88,813
13/03/2016,5697,16629,9576,922,6131,100,689,64,2292
14/03/2016,4688,21075,9569,3239,6893,801,1054,295,1100
15/03/2016,8525,31940,10349,5136,12078,3362,449,91,1606
16/03/2016,8254,31773,10631,3888,4128,681,2313,155,1645
17/03/2016,7761,35031,12623,7631,16219,3495,3558,218,3798
18/03/2016,8007,24724,14168,6516,7528,1451,3761,800,2984
19/03/2016,4362,6776,14233,5971,20477,4229,1137,180,139
20/03/2016,1185,4326,10280,4754,33954,3775,614,12,1534
21/03/2016,956,3563,6170,6779,46323,10855,198,99,943
22/03/2016,1979,7862,2180,2689,21891,2549,450,97,1049
23/03/2016,2157,5342,5980,3848,18823,3521,1221,160,442
24/03/2016,2072,9816,10976,3793,11277,1902,1147,137,853
25/03/2016,1527,5196,10739,6960,22360,3556,1792,234,248
26/03/2016,4333,18955,17426,8201,39191,5508,1020,36,1795
27/03/2016,7634,33486,28940,20522,46653,10886,2514,279,3037
28/03/2016,7177,28471,22813,14807,60032,13887,2330,407,2841
29/03/2016,7450,24159,20688,8944,47398,7153,2202,364,1432
30/03/2016,2762,6700,9488,6865,15025,8367,444,105,3428
31/03/2016,886,3820,8312,9162,27778,4997,231,133,3073
01/04/2016,1029,8992,14902,12034,10867,2497,439,259,1149
02/04/2016,1104,7835,16182,9935,19475,3464,1419,149,1180
03/04/2016,1502,3340,4216,4214,10525,1610,470,154,543
04/04/2016,3044,9361,7379,5815,15500,1784,469,191,2247
05/04/2016,355,2777,4512,2102,4807,1626,1137,261,3919
06/04/2016,1430,5805,18750,18742,34393,10820,3083,883,1795
07/04/2016,2318,10577,17471,23608,39052,16028,2799,534,507
08/04/2016,3273,16501,10452,14289,28606,8528,2526,576,688
09/04/2016,2026,11803,6590,4429,6536,823,459,159,2974
10/04/2016,1048,5829,2558,2787,19482,3366,424,234,2857
11/04/2016,1082,3970,3394,8826,21986,8816,754,370,1284
12/04/2016,3031,6879,4238,8988,19073,7050,547,217,717
13/04/2016,2572,5830,6027,5595,5010,2185,1136,342,1829
14/04/2016,3318,11655,7624,5473,2997,1044,2034,480,809
15/04/2016,3753,7660,17094,10133,10848,3636,494,51,2426
16/04/2016,2537,8736,6746,6308,24239,7543,1996,419,1775
17/04/2016,695,2051,11782,25813,62178,17933,1482,423,5515
18/04/2016,435,3932,31537,25694,61664,14641,2228,1069,5476
19/04/2016,7240,18352,25675,27528,72996,19460,1943,954,4828
20/04/2016,5694,23140,18037,12082,39609,10830,2119,753,3306
21/04/2016,1043,8736,16234,18917,46213,9243,1307,330,4241
22/04/2016,426,13307,20721,13659,36444,8567,403,244,636
23/04/2016,1257,5253,5673,3275,17530,3123,182,60,1335
24/04/2016,689,2245,4499,2689,11661,1824,1152,207,82
25/04/2016,5744,19897,4930,4444,11862,5283,1301,59,424
26/04/2016,3134,4505,12271,19432,37833,7214,1297,126,1122
27/04/2016,6757,16971,9967,14606,39565,2321,952,108,887
28/04/2016,2905,18029,11145,5538,11951,3448,1814,225,640
29/04/2016,4370,29292,23960,17145,35274,8047,543,192,552
30/04/2016,1130,12307,19577,12875,25396,2749,367,144,720
01/05/2016,1416,8009,5283,2244,2058,1513,325,196,536
02/05/2016,2217,11502,9505,3996,20752,2422,127,65,527
03/05/2016,968,12883,10338,8348,22180,6967,261,97,824
04/05/2016,1991,6171,5401,6950,6195,3005,599,168,1717
05/05/2016,1507,9371,8499,3382,4641,334,560,129,1396
06/05/2016,1257,4819,4696,4993,21129,6079,339,141,1337
07/05/2016,1520,5969,5318,6695,35714,9092,263,162,1278
08/05/2016,2672,5644,3897,5241,30868,8119,324,188,1247
09/05/2016,2119,4138,2705,4158,23746,7217,298,97,383
10/05/2016,2144,14219,5314,2794,14565,4570,444,40,953
11/05/2016,2398,8326,13973,10478,21083,8617,1240,225,1627
12/05/2016,5598,19524,10288,7263,13223,10999,726,314,1425
13/05/2016,1817,7907,12349,2715,19061,1816,1184,203,602
14/05/2016,1046,7104,13911,5079,30098,6696,863,27,2340
15/05/2016,2220,19197,17065,8373,36629,8796,1408,183,4842
16/05/2016,1648,10441,19788,18082,41626,15537,1017,571,1519
17/05/2016,3755,12690,4114,7167,41759,8427,988,158,321
18/05/2016,2121,1675,9850,4243,13961,1910,356,87,289
19/05/2016,1114,4281,7275,3349,2682,599,362,68,506
20/05/2016,1709,10048,10149,5784,22439,4790,262,22,1192
21/05/2016,1757,5510,9596,4492,17161,2350,821,68,114
22/05/2016,1309,8043,10578,13096,19223,8042,311,42,1664
23/05/2016,3727,13770,12537,7914,5782,1908,224,253,1281
24/05/2016,3086,15945,13828,4549,16366,4871,645,187,1016
25/05/2016,4604,17969,16914,7284,28305,1124,455,258,707
26/05/2016,4122,24478,15522,4480,7949,1296,791,203,274
27/05/2016,888,11656,10657,1218,4255,388,439,76,1672
28/05/2016,633,4599,6762,3729,7557,2327,984,240,2350
29/05/2016,712,2612,16442,8840,16314,6871,859,268,2490
30/05/2016,1179,1261,19514,21881,38315,16108,925,401,2842
31/05/2016,518,1138,13408,14665,27450,10527,1156,300,2331
01/06/2016,1275,2294,8690,10550,17562,9176,633,298,408
02/06/2016,2047,4217,8110,10448,17236,7826,311,136,425
03/06/2016,7941,23967,4708,4855,7550,3687,709,141,1278
04/06/2016,6431,18231,9608,2706,3256,435,1527,285,1996
05/06/2016,3335,7456,7870,4722,5017,1396,1289,372,1367
06/06/2016,1237,4718,7968,5093,12341,6062,1027,227,539
07/06/2016,3636,15173,13071,6316,10135,2516,720,306,2319
08/06/2016,8164,40312,17747,7056,27075,6604,2376,346,2028
09/06/2016,8811,35115,9684,4650,17644,2262,3263,233,2047
10/06/2016,5066,20379,14916,9153,27530,9270,739,306,4927
11/06/2016,610,2546,6759,4775,6520,1153,2419,682,2057
12/06/2016,822,2694,2197,2517,8050,2862,1904,245,474
13/06/2016,2106,9698,3211,8908,27790,8574,930,45,2257
14/06/2016,2285,4442,7530,13262,26635,3239,374,223,1101
15/06/2016,1655,7129,11458,5360,4096,709,1519,352,1126
16/06/2016,4218,11717,8525,1987,733,332,1236,410,3647
17/06/2016,4184,10757,5927,3798,8628,2406,1725,409,6073
18/06/2016,4585,24515,16886,20344,39499,8766,3644,1110,1199
19/06/2016,4189,21873,13908,15296,47466,7519,2677,661,464
20/06/2016,3221,13953,12743,8772,39932,4495,1102,98,894
21/06/2016,3145,10887,11381,7568,10365,3240,278,32,827
22/06/2016,3056,5310,9330,5317,7751,1598,561,81,403
23/06/2016,607,1872,4940,5279,8698,3009,545,127,1688
24/06/2016,968,2573,4823,5426,10234,1947,557,438,1303
25/06/2016,497,3322,4479,4532,7954,3696,172,82,1496
26/06/2016,1342,6194,15089,9994,27499,6758,380,197,1296
27/06/2016,4518,16812,16754,9596,34764,4449,623,193,242
28/06/2016,1209,6072,13799,4630,8750,1081,197,77,463
29/06/2016,1429,3009,4437,3981,16781,3342,151,28,452
30/06/2016,1952,9037,9754,5858,23786,3246,693,144,368
01/07/2016,3610,12290,12261,11178,27119,8347,191,90,2272
02/07/2016,6841,20022,18538,9697,39233,6193,1009,381,623
03/07/2016,5074,15330,14658,9530,33474,7981,880,71,2801
04/07/2016,1403,6390,9364,9266,18481,5257,1557,341,2563
05/07/2016,7683,17679,6926,3549,11350,2973,3154,453,1749
06/07/2016,8058,33582,10409,16529,54695,16485,2122,80,4342
07/07/2016,7367,28822,13804,17427,36250,8246,3058,473,3239
08/07/2016,4205,12868,7293,7224,12334,4320,2457,429,859
09/07/2016,1372,5092,11402,9075,25187,8371,451,73,2495
10/07/2016,631,5877,8714,7088,22373,4036,635,360,1583
11/07/2016,635,5681,12440,13474,36501,7399,625,323,2492
12/07/2016,355,2480,17065,16900,30109,8800,2307,740,625
13/07/2016,1011,2964,15362,7957,25166,1121,1544,263,2103
14/07/2016,739,6138,5320,2613,27271,4632,542,122,3269
15/07/2016,924,8895,6975,10044,41728,12838,1642,367,2229
16/07/2016,1891,7810,21240,12073,30587,6565,2529,378,1471
17/07/2016,1722,4986,20132,9037,17967,3303,1706,267,1703
18/07/2016,2263,10677,6716,6015,15409,3735,349,127,1516
19/07/2016,1278,4148,3224,2701,3775,1266,1223,200,2703
20/07/2016,932,1728,1248,1109,7503,1557,1353,206,2434
21/07/2016,1166,3119,3239,1986,12635,5098,1473,299,737
22/07/2016,850,2601,1862,1500,4385,2857,527,65,330
23/07/2016,332,2332,1452,936,1994,690,97,10,170
24/07/2016,488,1381,1408,1128,2246,1096,30,22,335
25/07/2016,627,3088,2640,1626,8682,870,0,28,454
26/07/2016,1065,8381,12031,4330,11002,1885,44,40,312
27/07/2016,1761,7002,8439,3088,14952,1432,85,39,1067
28/07/2016,1014,7799,11480,3721,6441,1359,265,67,122
29/07/2016,1312,2876,3390,2290,4041,1620,92,50,712
30/07/2016,381,3505,8878,4535,12166,3609,223,196,1093
31/07/2016,1228,5480,20012,6320,10935,856,1182,187,1288
01/08/2016,1314,5233,15907,6861,26381,4588,384,65,1407
02/08/2016,810,3634,19533,7487,8120,2048,1254,269,568
03/08/2016,777,4249,9854,9032,28666,7514,548,155,1895
04/08/2016,619,2207,13278,11158,41792,7929,2216,521,846
05/08/2016,625,1098,9292,5561,21604,4138,551,85,1024
06/08/2016,407,5286,9555,14759,47161,9180,302,139,3296
07/08/2016,1017,10819,15456,15780,39408,8302,577,211,3244
08/08/2016,6876,25951,35504,22511,59490,14098,2598,719,2883
09/08/2016,4088,15025,35155,24443,57579,13317,3927,945,1520
10/08/2016,2562,11892,21389,19933,45567,11585,2088,282,1808
11/08/2016,1723,10397,7392,10519,18931,7439,2090,341,1396
12/08/2016,2480,12672,16506,8758,27273,5187,852,215,3547
13/08/2016,2756,7960,22800,20498,50557,11286,3193,751,3492
14/08/2016,3689,15197,10879,14611,31721,6455,999,364,2341
15/08/2016,3245,22306,14072,6129,15339,3210,882,504,3887
16/08/2016,7775,25588,16191,5822,5919,1586,2361,585,2303
17/08/2016,4438,20000,18934,8475,5584,2033,2361,148,2238
18/08/2016,1066,9120,21578,11736,16189,3000,1028,111,1590
19/08/2016,2119,7211,5078,1452,2447,617,1122,272,950
20/08/2016,1750,4449,4146,4289,15340,2084,119,57,2102
21/08/2016,1469,3416,2502,1156,17327,1393,1562,203,296
22/08/2016,1616,2373,4664,4458,14974,4686,1069,37,426
23/08/2016,4153,11414,3637,3423,4859,2989,263,83,443
24/08/2016,2314,8371,5252,1864,9604,1806,491,31,413
25/08/2016,4282,14931,9064,9207,13923,6197,1032,221,3963
26/08/2016,2164,13348,20383,13319,27261,6249,1277,640,3079
27/08/2016,8298,31494,28076,7689,8771,944,3609,364,1407
28/08/2016,2401,6036,7318,7189,20793,5788,485,135,4608
29/08/2016,1953,2633,17359,16456,45879,13766,1335,701,5531
30/08/2016,2673,10388,18799,13795,25782,6203,1728,629,1221
31/08/2016,5218,16822,16894,6093,17534,1156,630,151,1936
01/09/2016,7008,17011,23406,8925,18413,2021,1787,356,2511
02/09/2016,4227,12365,17979,10477,26242,3343,1608,364,2289
03/09/2016,1530,6509,16571,12295,23232,4792,933,375,1142
04/09/2016,1976,14582,10986,3323,9968,2086,1282,170,1055
05/09/2016,3953,8555,7458,5494,6826,3789,406,125,782
06/09/2016,2841,15373,25704,6532,23067,2003,1321,127,4846
07/09/2016,8245,32216,23512,9237,11028,1552,3168,780,1046
08/09/2016,3025,11184,4204,2690,10830,1905,1115,78,459
09/09/2016,3995,13796,8993,3562,9371,2042,30,64,147
10/09/2016,652,4103,11328,1926,18583,2108,503,7,119
11/09/2016,3984,20269,23296,9207,22398,3392,591,127,528
12/09/2016,7554,10542,5817,1953,10224,3316,939,47,844
13/09/2016,610,2824,3606,3565,13567,3754,605,45,544
14/09/2016,3372,9611,1922,1672,13255,4368,355,37,272
15/09/2016,3875,7762,3603,1174,12586,2483,676,30,923
16/09/2016,1426,6467,11554,8720,19520,7608,1399,120,2152
17/09/2016,2529,4145,4946,9903,15190,11295,261,102,877
18/09/2016,1603,2304,655,6378,6606,7130,187,46,235
19/09/2016,697,2512,1495,2143,1273,1529,313,40,1213
20/09/2016,298,2875,3102,4512,2852,1585,888,81,2176
21/09/2016,71,431,945,2281,2912,1432,768,210,1255
22/09/2016,242,1048,749,450,7433,1249,878,112,971
23/09/2016,325,3352,5589,4904,16379,2196,1148,75,1153
24/09/2016,586,4109,9073,7279,13813,1974,557,10,217
25/09/2016,2424,9044,14128,6755,29346,5039,607,16,627
26/09/2016,1623,10270,9065,6878,5141,1748,275,57,454
27/09/2016,2786,15868,11792,5541,24287,1410,164,101,5998
28/09/2016,7972,27736,33767,25310,60431,16489,2823,650,5422
29/09/2016,5287,22859,36472,25702,65854,15516,2694,826,7536
30/09/2016,9139,32668,40149,24948,44732,12731,4599,1153,2952
01/10/2016,8514,31672,18086,8575,8033,2888,3372,635,1882
02/10/2016,6943,17844,10772,5564,11209,988,327,123,2076
03/10/2016,4531,11733,15146,18487,33935,7420,1511,422,5683
04/10/2016,2545,5787,19926,17315,25324,10534,3912,784,7494
05/10/2016,5628,8123,23281,22819,35195,11920,4648,1136,6179
06/10/2016,3757,12898,29232,26369,42491,13624,3826,878,2580
07/10/2016,1033,11164,28925,18800,32362,9724,4006,613,2357
08/10/2016,816,13966,28096,18554,30755,9061,3996,477,2814
09/10/2016,536,11242,29146,16341,29980,3422,2877,323,2966
10/10/2016,492,3223,26593,16837,28843,5571,2977,399,4330
11/10/2016,445,759,14252,17772,37702,14202,734,334,3730
12/10/2016,1303,1032,6744,14772,33893,10808,111,205,2169
13/10/2016,728,248,4927,14948,36608,10498,125,101,1624
14/10/2016,256,1052,14294,22830,58236,15729,70,131,5748
15/10/2016,4176,8212,26226,29325,62062,14901,442,529,5263
16/10/2016,2561,13734,17569,16976,29166,3622,265,366,5253
17/10/2016,1925,14578,11389,12399,31428,5423,655,440,4362
18/10/2016,4747,14555,5705,3102,17403,2442,1331,301,3529
19/10/2016,1793,3628,8086,7640,20151,2551,1313,282,4280
20/10/2016,49,3322,17323,10539,29947,4139,1323,299,6079
21/10/2016,595,5175,24181,19397,41787,5521,1692,474,6519
22/10/2016,1547,8054,31949,18251,40698,3685,3056,662,3645
23/10/2016,1715,9392,26594,7413,23042,1211,3062,512,5972
24/10/2016,2609,5328,15851,7243,11851,1465,1904,522,1217
25/10/2016,1082,924,5225,4624,3577,783,953,57,1309
26/10/2016,915,3364,15183,5269,21081,2003,656,95,3708
27/10/2016,4572,13625,28018,13760,31677,7394,3471,764,8621
28/10/2016,3835,20635,35021,29361,60679,16968,4447,1152,7424
29/10/2016,196,1364,1542,1285,53800,17305,4074,891,497
30/10/2016,,,,,1310,570,340,66,
